Year,n_sites_sampled,species_richness,total_identifications,richness_per_site,ids_per_site
2010,10,64,698,6.4,69.8
2011,45,61,629,1.3556,13.9778
2012,16,29,109,1.8125,6.8125
2013,39,73,723,1.8718,18.5385
2014,37,101,2419,2.7297,65.3784
2015,30,50,518,1.6667,17.2667
2016,23,37,343,1.6087,14.913
2017,46,94,2803,2.0435,60.9348
2018,22,139,2863,6.3182,130.1364
2019,10,99,1441,9.9,144.1
